{
  "total_samples": 32342,
  "hate_speech_ratio": 0.693525446787459,
  "languages": {
    "eng": 25781,
    "cmn": 3110,
    "spa": 1404,
    "hin": 1301,
    "tam": 746
  },
  "language_hate_ratios": {
    "eng": 0.8127303052635662,
    "cmn": 0.35691318327974275,
    "spa": 0.1339031339031339,
    "hin": 0.1137586471944658,
    "tam": 0.04155495978552279
  }
}