{
  "eng": 0.6500000000000001,
  "tam": 0.1,
  "hin": 0.5000000000000001,
  "spa": 0.6000000000000002,
  "cmn": 0.4500000000000001
}